NAA_SNR,NAA_FWHM,residual_water_ampl,freqShift
43.0826075525937,18.519619154515,1295.21247235383,-4.12449079923154
