NAA_SNR,NAA_FWHM,water_FWHM,residual_water_ampl,freqShift
162.43485132191,14.4004144813778,13.8748873400221,1.48058680730476e-05,-1.45690105671312
